key,value
QlFSYbwDLRanRLLPxzyXM0ncJ6nwbwreCSXAJhUlmg5lpzlqaQ1I,hxoRhk5cqjPRaAcTsKAq7oTlbVc66JtoqzROBx6vC56hJLWeEPNoPIn87b9OhNQcMui9zYc9KhFwmjFFhOWDTk0FCl0M7hHWHs7KUz4I7XHTcgNJa8qIeyJ0hN5FYbPmjCtiV3W5sMvKI9IcPeNHomp1KVjkCgkDwM04MfkqkS5GTyu376OWUdzhYQHnPgb50h4GDVgRvwlG2ZFAQYHOzUNJjHVzPbdjCUOdGVc8t3EDe1W3kYTXwM6dlOYyX3pIC9po0AUCN86PbzFvJgQERS3FEuwYVGPaMgg7FyGXbbFneNVvPzNOn2qySC88EaMcgW4IPOidBsI9bDFWioyCdJoNxOZT2Pz0v4w7jLhjOSpt
Yg4S6QFH036k1BjHuomUwqv0CMv3alb63tuFuPpCvroktWrzB7Yk,rqsJLpi7KK2UANgun605CZ3wJ0WJtqv7xNc2KdS9a6sGwI1bQifT1fusNICYsveOqWXZDHl5lHx7dwY27nNZFwu3D66IyAtcMWQZLJChgLka6V0cFXQLOBb3NwMaefxn9Wci6MZEhTyoaULIJCQP5RD64BzbDQzx3O5lGneP27KWJMQbMcEktwEpoRGrhJ2yrQt5a5gOACrsv0e7Kqd7X706djZycedL7H83fjc1VShNTWlgmINQY2urQsK0B4AFX2ObSdbw6M2rDz3817UxXc9PDFDiZ7WAVVEZUtHGgfz8cG74InOU5nglhMOSXhnTAQIap0Nm94fUj0LyrnhCluYqVWF5J60tuCJClsya4PbI
W7pkheZTMMacnVuTqqKqIKW5f2tnHdARH97Rm71WOPOGrMWXZrVL,ZRzZvpPnTKPe3NP5dwKuoulYROsYCUGfeB5xreD4EkyQV3LxOUARXObxjgsGBbmauvgf34DvUON499l6NT6CHtaazWOSLXW3IS8LsyNCnKQmbmEP6PXSCoEnlv5WwzV265w8j31ldjCaZX8cebfme5cUADsuJrL1p4kxMVEUgoqH5PAtlp6NMvALVN7PzUuzcs35yUufKqlS4GPkF4hBC5460qJNfu1VUAyElglYGnc4NTdXr0wBEbVaERoFn9Nl5eNvvKmGwM6U30Z8b5JB1FJbUJpztrjkDbfzAXyiiflljTpM8HyDIvTdE8236UmtVZoocbz4a9JnoPvsstNRUpk5PFqR3BkZOu9teZLZ32ge
9XVNZyUDqhMPWwAyuJDRsrqw9SyL6DfhzwgSotojlU6RaP40RwBV,FZHw13bxL4JJOSU0DeWGsOhohNikInDLolPNl9f4phUsbm1tu20X8w3ksphvd0Qt8tuGmhcM23DDaJMnOlAWATlrBUbidJyEHehxOWqreg4UvwM2RFKZPaLVI9593aBsttH1l2krTThOjeAEswJdwJztBjPMi8BZN0hOLBOjINFfDIjpLGWCwdS1L0ZWdnPahg3YrjJal8xg2WNs9QFh98ropttrAg9tdDupdXQ0fTWShI7F0a4DSHfjQjYHBVnM3WXhtVG2eAKGBD4YsCZuP39mf6JRhBBgQeCPODPe1FsCWT0PLjEh6vWbxDwmgcvcXAWzfZRfI3yUuPggOB2ielmUR0hfBvSW549pjysh9j5M
zEBgB3PuJUbKX8JUUKYiekCs9Ojztr3BYjQ8t4TE57bIWN4SZUKp,9RPdeS9XdaXcnlwjEyxqfBB3f21hluFOpt2EFydD16jNWRNjuY4ycd1HDvzTZuSyJbvlEktuAxKoFmqFSogodTqa7x5XlJz2AlrEwznRcbESchJdt9nGC7XBfuc6Zu33aXGS8sVshE7CDwdENuDXSStOSmMDqxM8wLSN9YbN5xnyfkV5V73TElZWAv7VMFhWDJV8bQ1BRFp08CcIFBjgQ4c6vF0sY7tOsRRArWaBiFrrgMLcYyxn5PCK9kTyCCQQguOTDMR11eP2FBWC4Cuaf5eSwJap8zuEGCHwN4UL5DaTHltLOtwwLO5vwaIm1tKNk6xGloYTNhcz2S1drhz1QThK73DMrp4zNrPvkaGnor99
j58mQQaJEcY5dqqvj3tS1JbkMRMx60YWltXpSmuY689sxkk1WUwj,Q7Dakk3tAWwXVthbGvdKJROnv9G7UPpczMIeDj87SwyTE5Zg2d7tb59gUejmi43HDKGJstAZUjA0CxS5MNTYbqRLEAF9QsOwbbMA4RGO3cUOdIaGDRm9AqNiGFwQOXLMgz5iKvJCIBSCklxWcg5xgJ9NxqvG4GRQshEl2GQhoc5qudSzowEege7cEYjjgKT9LwQTAouPmLevItDXdn2zLnhigDHFtzq3PxlOQFFrN7hUWTzmUCVTT6wCdIyF4XWCGPtvWo3XSIhHaYKcCqwUtXLwbi0259PTVdGZbTAXzsmz29zFEWB0P6EeiZdJnOevcjuCVyGqdcKQG3cHsHcki71DvfDLuFMYBhGEJSxchKLV
z2SX5dJyrchJVbgwPSOyDNWdIdQkRcdphB9W6GD0yTUfnJEuytIQ,E5vOiyexwR5YbJmOROH6fOBuDwkpkcXBvpUaVNGZlMeOCltunzhpJAvcgsCp6lStJp8mwEuM00ykTMXnqzjNjnofJ6dX71Xw2O1M0XTf4HfEYecc0xRo5DYNfLin4oNhvjwHhW3Hq8QoQLbU7STLoYIwpFHWG392SiX9jERC3l2lw7iKWqVjwgGEDAkyUKrz7TVq6Hu54MADh6QxhnpmzOYUiIQqUDpLJduIGmUP0Eok9oFdx8MTutZgScPJXTJxdgw6rmKfOqnOEhgvbBxowgWuYagrcK9rPbhdEyHwhQj9dIxUF8xiCmzywaZd4Ci4GNFGWmmJ9rPXbOftuY25KbskwK5CwjlccBARTVsNX3XW
uIZIeqJqizrphHD2QkE532nmYoc88NdfWXIr1GnruW5sLDaxn2KD,xTZtSsDHiufXUoXPCfFKFl5CfZGdAezPptVTlcS9zyV2RUBVKD9TIEK1oGOSxGzGNrjI91oajh6Svu5YWG9VXafxzwAkBH5QmHmbnThGDMifZimB3vhQAf2eU4vmPcDuDV8VovgFS4FK4g9Dog3D2r9d4prUrB6dnHB4ybLK0idT4qYFxJjVIHhdslrQRzLY5yOKmQJVt4twwhzAWmFhTjMhdbpQKM0cK4u6lX1EN7GQo6xELCvj2FokShVeSyfmosvJQ0Q9p1XJUBKjgsl87mLZVelCnmmVHeZj9069agz7uZ7Iw5MczXHeNOI9boKrhouIjhrMflUH1mGmWXWFsOdbQ9M7MzvjDdbME1QWCWYI
NhbqBKZFedZIYjCIUccZXr86B9cS8eC5LzMU40t9Rs4gv6pI0mG8,lZtaQkLc1MdoRv7aqGb0kLrrNeUAdzyx8n8yJSoCdSLQfQ0uofrqIHULWtSSospc9MX7LxOQisI05u24DIWpx6VUPBCwQuzuz7MwIdc53oP7LeoWCISes5oCtbvv3Al1b9fT8wmTOpIhdeqAV2lHnbfVDNPsr31xOTH0ieTgvX4IQfWoM3QlkHRrEW2jSc8LhGvCQPtLN0t57WD9TSIkswVtYIWhr9miWJs2gIyY9DK920mMXQh8puXo2TrpX1MSJahcX4ujhqr629siYqcB0jFe7DfOZt1unyJgoPIUkgJRnOa1jOEUR54od4S3Dr2CQUnIFXRGFZeW8KKJUBytFSWsu6r2PY8xk1tVq8N0mqzA
M7KeMWC3tTQmYan7Hl4GCOVGJPdsrkdWCDdbbmGPi4a1q5AIbeAL,BvPIReMECvH2BR8eEECvDLL3ph3Lkw96UjaNM03ldcGd9qaxffDowL82UZHGbJdma7jqMufbyXDghWZ1X7usOJ0twNA6ZRD7mrnvm8WSXDjYfJo3539n2DXNA4J5u0KFt5FGOY1NtuuaXs46waSr6PsWuvw5ZFGWjsSPA9XEoMq6iSIYFpZ5FbNXG0rXOpfVJ7drxaTvFwH8VIfSCyXV3yiBaloLCS3ALYOEhapAHpNT5Z7ySPPGRtlyfbTNJAkG88oansIZFtO1rS1i5hycwc5xwzoPoGLZh55G58IEcllsUTb4AHuoRhIyTLdZGDmXfax4QdXvR0W3sLhBo47wEtmSn5aPaEFRB01G8oxr7f7Z
